ra_game_id,title,category,achievements,ra_hashes,status,local_roms,local_releases,dat_entries,dat_games,nointro_db_files,nointro_db_titles,local_sources,other_platform_db
2145,R-Type,Official,37,2,local,1,R-Type (USA),1,R-Type (USA),0,,"nointro,retroachievements",
2176,The NewZealand Story,Official,8,1,local,1,"NewZealand Story, The (Japan) (En)",1,"NewZealand Story, The (Japan) (En)",0,,"nointro,retroachievements",
2189,Parodius Da!,Official,83,1,local,1,Parodius Da! - Shinwa kara Owarai e (Japan) (En),1,Parodius Da! - Shinwa kara Owarai e (Japan) (En),0,,"nointro,retroachievements",
2242,Dragon Spirit,Official,41,2,local,1,Dragon Spirit (USA),1,Dragon Spirit (USA),0,,"nointro,retroachievements",
2260,Columns,Official,15,2,local,1,Columns (Japan),1,Columns (Japan),0,,"nointro,retroachievements",
2269,Aero Blasters,Official,22,2,local,2,"Aero Blasters (Japan) (En),Aero Blasters (USA)",2,"Aero Blasters (Japan) (En),Aero Blasters (USA)",0,,"nointro,retroachievements",
2270,Air Zonk,Official,26,1,local,1,Air Zonk (USA),1,Air Zonk (USA),0,,"nointro,retroachievements",
2271,Alien Crush,Official,41,2,local,1,Alien Crush (USA),1,Alien Crush (USA),0,,"nointro,retroachievements",
2273,Battle Royale,Official,42,1,local,1,Battle Royale (USA),1,Battle Royale (USA),0,,"nointro,retroachievements",
2274,Blazing Lazers,Official,74,2,local,1,Blazing Lazers (USA),1,Blazing Lazers (USA),0,,"nointro,retroachievements",
2275,Bloody Wolf,Official,53,1,local,1,Bloody Wolf (USA),1,Bloody Wolf (USA),0,,"nointro,retroachievements",
2276,Bomberman,Official,56,1,local,1,Bomberman (USA),1,Bomberman (USA),0,,"nointro,retroachievements",
2277,Bomberman '93,Official,60,4,local,2,"Bomberman '93 (Japan),Bomberman '93 (USA)",2,"Bomberman '93 (Japan),Bomberman '93 (USA)",0,,"nointro,retroachievements",
2278,Bonk III: Bonk's Big Adventure,Official,24,1,local,1,Bonk 3 - Bonk's Big Adventure (USA),1,Bonk 3 - Bonk's Big Adventure (USA),0,,"nointro,retroachievements",
2279,Bonk's Adventure,Official,48,1,local,1,Bonk's Adventure (USA),1,Bonk's Adventure (USA),0,,"nointro,retroachievements",
2280,Bonk's Revenge,Official,45,2,local,1,Bonk's Revenge (USA) (Alt 2),1,Bonk's Revenge (USA) (Alt 2),0,,"nointro,retroachievements",
2281,Boxyboy,Official,50,1,local,1,Boxyboy (USA),1,Boxyboy (USA),0,,"nointro,retroachievements",
2283,Cadash,Official,49,1,local,1,Cadash (USA),1,Cadash (USA),0,,"nointro,retroachievements",
2284,Chew Man Fu,Official,78,1,local,1,Chew-Man-Fu (USA),1,Chew-Man-Fu (USA),0,,"nointro,retroachievements",
2285,China Warrior,Official,22,2,local,1,China Warrior (USA),1,China Warrior (USA),0,,"nointro,retroachievements",
2286,Cratermaze,Official,21,2,local,2,"Cratermaze (USA),Doraemon - Meikyuu Daisakusen (Japan)",2,"Cratermaze (USA),Doraemon - Meikyuu Daisakusen (Japan)",0,,"nointro,retroachievements",
2287,Cyber Core,Official,26,1,local,1,Cyber-Core (USA),1,Cyber-Core (USA),0,,"nointro,retroachievements",
2288,Darkwing Duck,Official,20,1,local,1,Darkwing Duck (USA),1,Darkwing Duck (USA),0,,"nointro,retroachievements",
2289,Dead Moon,Official,25,1,local,1,Dead Moon (USA),1,Dead Moon (USA),0,,"nointro,retroachievements",
2290,Deep Blue,Official,19,1,local,1,Deep Blue (USA),1,Deep Blue (USA),0,,"nointro,retroachievements",
2291,Devil's Crush: Naxat Pinball,Official,52,2,local,1,Devil's Crush (USA),1,Devil's Crush (USA),0,,"nointro,retroachievements",
2292,Double Dungeons,Official,22,1,local,1,Double Dungeons (USA),1,Double Dungeons (USA),0,,"nointro,retroachievements",
2293,Dragon's Curse,Official,44,3,local,2,Dragon's Curse (USA),1,Dragon's Curse (USA),0,,"nointro,retroachievements",
2294,Drop Off,Official,24,1,local,1,Drop Off (USA),1,Drop Off (USA),0,,"nointro,retroachievements",
2295,Dungeon Explorer,Official,38,1,local,1,Dungeon Explorer (USA),1,Dungeon Explorer (USA),0,,"nointro,retroachievements",
2297,Final Lap Twin,Official,78,1,local,1,Final Lap Twin (USA),1,Final Lap Twin (USA),0,,"nointro,retroachievements",
2298,Galaga '88,Official,45,1,local,1,Galaga '90 (USA),1,Galaga '90 (USA),0,,"nointro,retroachievements",
2301,Keith Courage in Alpha Zones,Official,54,2,local,1,Keith Courage in Alpha Zones (USA),1,Keith Courage in Alpha Zones (USA),0,,"nointro,retroachievements",
2303,Legend of Hero Tonma,Official,15,2,local,1,Legend of Hero Tonma (USA),1,Legend of Hero Tonma (USA),0,,"nointro,retroachievements",
2304,The Legendary Axe II,Official,18,1,local,1,Legendary Axe II (USA),1,Legendary Axe II (USA),0,,"nointro,retroachievements",
2305,The Legendary Axe,Official,42,4,local,2,"Makyou Densetsu (Japan),Legendary Axe, The (USA)",2,"Makyou Densetsu (Japan),Legendary Axe, The (USA)",0,,"nointro,retroachievements",
2306,Magical Chase,Official,50,2,local,1,Magical Chase (USA),1,Magical Chase (USA),0,,"nointro,retroachievements",
2307,Military Madness,Official,59,2,local,1,Military Madness (USA),1,Military Madness (USA),0,,"nointro,retroachievements",
2308,Moto Roader,Official,68,2,local,1,Moto Roader (USA),1,Moto Roader (USA),0,,"nointro,retroachievements",
2309,Neutopia,Official,55,4,local,2,"Neutopia - Frey no Shou (Japan),Neutopia (USA)",2,"Neutopia - Frey no Shou (Japan),Neutopia (USA)",0,,"nointro,retroachievements",
2310,Neutopia II,Official,50,1,local,1,Neutopia II (USA),1,Neutopia II (USA),0,,"nointro,retroachievements",
2311,New Adventure Island,Official,102,1,local,1,New Adventure Island (USA),1,New Adventure Island (USA),0,,"nointro,retroachievements",
2313,Ninja Spirit,Official,21,5,local,3,"Saigo no Nindou - Ninja Spirit (Japan),Ninja Spirit (USA)",2,"Saigo no Nindou - Ninja Spirit (Japan),Ninja Spirit (USA)",0,,"nointro,retroachievements",
2315,Ordyne,Official,20,1,local,1,Ordyne (USA),1,Ordyne (USA),0,,"nointro,retroachievements",
2316,Pac-Land,Official,19,2,local,1,Pac-Land (USA),1,Pac-Land (USA),0,,"nointro,retroachievements",
2317,Andre Panza: Kickboxing,Official,12,2,local,1,Andre Panza Kick Boxing (USA),1,Andre Panza Kick Boxing (USA),0,,"nointro,retroachievements",
2318,Parasol Stars: The Story of Bubble Bobble III,Official,24,1,local,1,Parasol Stars - The Story of Bubble Bobble III (USA),1,Parasol Stars - The Story of Bubble Bobble III (USA),0,,"nointro,retroachievements",
2319,Psychosis,Official,15,4,local,2,"Paranoia (Japan) (En),Psychosis (USA)",2,"Paranoia (Japan) (En),Psychosis (USA)",0,,"nointro,retroachievements",
2320,Raiden,Official,25,4,local,2,"Raiden (Japan) (En),Raiden (USA)",2,"Raiden (Japan) (En),Raiden (USA)",0,,"nointro,retroachievements",
2322,ShockMan,Official,19,2,local,1,Shockman (USA),1,Shockman (USA),0,,"nointro,retroachievements",
2324,Silent Debuggers,Official,27,1,local,1,Silent Debuggers (USA),1,Silent Debuggers (USA),0,,"nointro,retroachievements",
2326,Soldier Blade,Official,24,2,local,2,"Soldier Blade (USA),Soldier Blade (Japan) (En)",2,"Soldier Blade (USA),Soldier Blade (Japan) (En)",0,,"nointro,retroachievements",
2327,Space Harrier,Official,22,4,local,2,"Space Harrier (Japan) (En),Space Harrier (USA)",2,"Space Harrier (Japan) (En),Space Harrier (USA)",0,,"nointro,retroachievements",
2328,Super Star Soldier,Official,30,2,local,1,Super Star Soldier (USA),1,Super Star Soldier (USA),0,,"nointro,retroachievements",
2330,Taito Chase H.Q.,Official,30,1,local,1,Chase H.Q. (USA),1,Chase H.Q. (USA),0,,"nointro,retroachievements",
2331,TaleSpin,Official,19,1,local,1,TaleSpin (USA),1,TaleSpin (USA),0,,"nointro,retroachievements",
2335,Tricky Kick,Official,24,1,local,1,Tricky Kick (USA),1,Tricky Kick (USA),0,,"nointro,retroachievements",
2336,Turrican,Official,23,1,local,1,Turrican (USA),1,Turrican (USA),0,,nointro,
2338,Victory Run,Official,22,1,local,1,Victory Run (USA),1,Victory Run (USA),0,,"nointro,retroachievements",
2339,Vigilante,Official,13,4,local,2,"Vigilante (Japan) (En),Vigilante (USA)",2,"Vigilante (Japan) (En),Vigilante (USA)",0,,"nointro,retroachievements",
2340,World Court Tennis,Official,18,1,local,1,World Court Tennis (USA),1,World Court Tennis (USA),0,,"nointro,retroachievements",
2341,World Sports Competition,Official,53,1,local,1,World Sports Competition (USA),1,World Sports Competition (USA),0,,"nointro,retroachievements",
2417,Street Fighter II: Champion Edition,Official,107,1,local,1,Street Fighter II' - Champion Edition (Japan),1,Street Fighter II' - Champion Edition (Japan),0,,"nointro,retroachievements",
2600,Batman,Official,21,1,local,1,Batman (Japan) (En),1,Batman (Japan) (En),0,,"nointro,retroachievements",
5087,Somer Assault | Mesopotamia,Official,37,1,local,1,Somer Assault (USA),1,Somer Assault (USA),0,,"nointro,retroachievements",
5109,Genji Tsushin Agedama,Official,29,2,local,1,Genji Tsuushin Agedama (Japan),1,Genji Tsuushin Agedama (Japan),0,,"nointro,retroachievements",
5268,Splatterhouse,Official,45,4,local,2,"Splatterhouse (Japan) (En),Splatterhouse (USA)",2,"Splatterhouse (Japan) (En),Splatterhouse (USA)",0,,"nointro,retroachievements",
5467,Volfied,Official,54,1,local,1,Volfied (Japan) (En),1,Volfied (Japan) (En),0,,"nointro,retroachievements",
5515,Ninja Ryuuken Den,Official,80,2,local,1,"Ninja Ryuuken Den (Japan) (En,Ja,Zh)",1,"Ninja Ryuuken Den (Japan) (En,Ja,Zh)",0,,"nointro,retroachievements",
5768,Darius Alpha,Official,16,1,local,1,Darius Alpha (Japan) (En) (SG Enhanced),1,Darius Alpha (Japan) (En) (SG Enhanced),0,,"nointro,retroachievements",
6026,Shinobi,Official,36,2,local,1,Shinobi (Japan),1,Shinobi (Japan),0,,"nointro,retroachievements",
6076,OutRun,Official,31,1,local,1,OutRun (Japan) (En),1,OutRun (Japan) (En),0,,"nointro,retroachievements",
6374,KiKi KaiKai,Official,12,2,local,1,Kiki Kaikai (Japan) (En),1,Kiki Kaikai (Japan) (En),0,,"nointro,retroachievements",
6379,Salamander,Official,39,2,local,1,Salamander (Japan) (En),1,Salamander (Japan) (En),0,,"nointro,retroachievements",
6799,1943 Kai,Official,26,1,local,1,1943 Kai (Japan),1,1943 Kai (Japan),0,,"nointro,retroachievements",
7193,Fushigi no Yume no Alice,Official,37,2,local,2,Fushigi no Yume no Alice (Japan),1,Fushigi no Yume no Alice (Japan),0,,"nointro,retroachievements",
7205,Bomberman '94,Official,68,1,local,1,Bomberman '94 (Japan),1,Bomberman '94 (Japan),0,,"nointro,retroachievements",
7222,Valkyrie no Densetsu,Official,26,2,local,2,Valkyrie no Densetsu (Japan),1,Valkyrie no Densetsu (Japan),0,,"nointro,retroachievements",
7388,~Unlicensed~ Strip Fighter II,Unlicensed,17,1,local,1,Strip Fighter II (Japan) (Unl),1,Strip Fighter II (Japan) (Unl),0,,"nointro,retroachievements",
7444,J.J. & Jeff | Kato-chan Ken-chan,Official,36,3,local,2,"Kato-chan Ken-chan (Japan),J.J. & Jeff (USA)",2,"Kato-chan Ken-chan (Japan),J.J. & Jeff (USA)",0,,"nointro,retroachievements",
7554,Final Soldier,Official,24,1,local,1,Final Soldier (Japan) (En),1,Final Soldier (Japan) (En),0,,"nointro,retroachievements",
7902,Coryoon: Child of Dragon,Official,22,1,local,1,Coryoon (Japan),1,Coryoon (Japan),0,,"nointro,retroachievements",
8360,Wonder Momo,Official,40,2,local,2,Wonder Momo (Japan),1,Wonder Momo (Japan),0,,"nointro,retroachievements",
8465,Samurai Ghost | Genpei Toumaden - Kan no Ni,Official,25,2,local,2,"Samurai-Ghost (USA),Genpei Toumaden - Kan no Ni (Japan)",2,"Samurai-Ghost (USA),Genpei Toumaden - Kan no Ni (Japan)",0,,"nointro,retroachievements",
8554,Toilet Kids,Official,17,2,local,1,Toilet Kids (Japan),1,Toilet Kids (Japan),0,,"nointro,retroachievements",
8557,Rabio Lepus Special | Rabbit Punch Special,Official,10,2,local,2,Rabio Lepus Special (Japan),1,Rabio Lepus Special (Japan),0,,"nointro,retroachievements",
8708,Jackie Chan's Action Kung Fu,Official,34,3,local,2,Jackie Chan's Action Kung Fu (USA),1,Jackie Chan's Action Kung Fu (USA),0,,"nointro,retroachievements",
8716,The Ninja Warriors,Official,14,1,local,1,"Ninjawarriors, The (Japan)",1,"Ninjawarriors, The (Japan)",0,,"nointro,retroachievements",
8742,Shiryou Sensen: War of the Dead,Official,55,4,local,2,Shiryou Sensen - War of the Dead (Japan),1,Shiryou Sensen - War of the Dead (Japan),0,,"nointro,retroachievements",
8907,Son Son II,Official,17,2,local,2,Son Son II (Japan),1,Son Son II (Japan),0,,"nointro,retroachievements",
8979,Gradius,Official,57,2,local,1,Gradius (Japan) (En),1,Gradius (Japan) (En),0,,"nointro,retroachievements",
9171,City Hunter,Official,18,3,local,1,City Hunter (Japan),1,City Hunter (Japan),0,,nointro,
9565,~Unlicensed~ Lady Sword: Ryakudatsusareta 10-nin no Otome,Unlicensed,35,2,local,2,Lady Sword - Ryakudatsu Sareta 10-nin no Otome (Japan) (Unl),1,Lady Sword - Ryakudatsu Sareta 10-nin no Otome (Japan) (Unl),0,,"nointro,retroachievements",
9955,Hit the Ice: VHL - The Official Video Hockey League,Official,11,1,local,1,Hit the Ice - VHL - The Official Video Hockey League (USA),1,Hit the Ice - VHL - The Official Video Hockey League (USA),0,,"nointro,retroachievements",
12821,Die Hard,Official,30,5,local,4,Die Hard (Japan),1,Die Hard (Japan),0,,"nointro,retroachievements",
12824,Puzzle Boy,Official,55,2,local,2,Puzzle Boy (Japan),1,Puzzle Boy (Japan),0,,"nointro,retroachievements",
12826,Druaga no Tou | The Tower of Druaga,Official,38,3,local,2,"Tower of Druaga, The (Japan)",1,"Tower of Druaga, The (Japan)",0,,"nointro,retroachievements",
13128,Shanghai,Official,58,2,local,2,Shanghai (Japan),1,Shanghai (Japan),0,,"nointro,retroachievements",
13235,Download,Official,20,1,local,1,Down Load (Japan),1,Down Load (Japan),0,,"nointro,retroachievements",
13409,Energy,Official,15,2,local,2,Energy (Japan),1,Energy (Japan),0,,"nointro,retroachievements",
13662,Appare! Gateball,Official,16,1,local,1,Appare! Gateball (Japan),1,Appare! Gateball (Japan),0,,"nointro,retroachievements",
13668,Bikkuriman World,Official,29,4,local,4,Bikkuriman World (Japan),1,Bikkuriman World (Japan),0,,"nointro,retroachievements",
13669,~Homebrew~ Maria,Homebrew,19,2,local,2,Maria (World) (Aftermarket) (Unl),1,Maria (World) (Aftermarket) (Unl),0,,"nointro,retroachievements",
13674,Burning Angels,Official,23,1,local,1,Burning Angels (Japan),1,Burning Angels (Japan),0,,"nointro,retroachievements",
14219,Dragon Saber: After Story of Dragon Spirit,Official,38,1,local,1,Dragon Saber (Japan) (En),1,Dragon Saber (Japan) (En),0,,"nointro,retroachievements",
14248,Power Golf,Official,44,1,local,1,Power Golf (USA),1,Power Golf (USA),0,,"nointro,retroachievements",
14455,Gokuraku! Chuuka Taisen,Official,10,2,local,1,Gokuraku! Chuuka Taisen (Japan),1,Gokuraku! Chuuka Taisen (Japan),0,,"nointro,retroachievements",
14467,~Homebrew~ Tongueman's Logic,Homebrew,21,2,local,1,Tongueman's Logic (World) (Aftermarket) (Unl),1,Tongueman's Logic (World) (Aftermarket) (Unl),0,,"nointro,retroachievements",
15684,Final Match Tennis,Official,39,3,local,2,Final Match Tennis (Japan),1,Final Match Tennis (Japan),0,,"nointro,retroachievements",
16374,Gekibo: Gekisha Boy,Official,28,2,local,2,Gekisha Boy (Japan),1,Gekisha Boy (Japan),0,,"nointro,retroachievements",
17335,Gomola Speed,Official,16,1,local,1,Gomola Speed (Japan) (En),1,Gomola Speed (Japan) (En),0,,"nointro,retroachievements",
18084,~Homebrew~ Atlantean,Homebrew,22,2,local,3,,0,,0,,"nointro,retroachievements",
18085,~Homebrew~ Santatlantean,Homebrew,14,1,local,1,Santatlantean (World) (Aftermarket) (Unl),1,Santatlantean (World) (Aftermarket) (Unl),0,,"nointro,retroachievements",
18499,Kickball,Official,19,1,local,1,KickBall (Japan),1,KickBall (Japan),0,,"nointro,retroachievements",
18611,~Homebrew~ Mega Man 2,Homebrew,70,1,local,1,Mega Man 2 (World) (v0.87) (Proto) (Aftermarket) (Unl),1,Mega Man 2 (World) (v0.87) (Proto) (Aftermarket) (Unl),0,,"nointro,retroachievements",
18643,~Homebrew~ Mega Man 2 [Subset - Mr. Perfect],Homebrew,6,1,local,1,,0,,0,,retroachievements,
18741,Hanii in the Sky,Official,32,1,local,1,,0,,0,,retroachievements,
18743,Kyuukyoku Tiger | Twin Cobra,Official,59,1,local,1,Kyuukyoku Tiger (Japan) (En),1,Kyuukyoku Tiger (Japan) (En),0,,"nointro,retroachievements",
18747,Power Gate,Official,14,1,local,1,Power Gate (Japan),1,Power Gate (Japan),0,,"nointro,retroachievements",
19923,Märchen Maze,Official,21,2,local,2,Maerchen Maze (Japan),1,Maerchen Maze (Japan),0,,"nointro,retroachievements",
20488,~Homebrew~ HuZERO: Caravan Edition,Homebrew,10,1,local,1,HuZERO (World) (Aftermarket) (Unl),1,HuZERO (World) (Aftermarket) (Unl),0,,"nointro,retroachievements",
22751,Cyber Dodge,Official,21,1,local,1,Cyber Dodge (Japan) (En),1,Cyber Dodge (Japan) (En),0,,nointro,
22753,Digital Champ: Battle Boxing,Official,11,1,local,1,Digital Champ - Battle Boxing (Japan),1,Digital Champ - Battle Boxing (Japan),0,,nointro,
22756,Doraemon: Nobita no Dorabian Night,Official,42,1,local,1,Doraemon - Nobita no Dorabian Night (Japan),1,Doraemon - Nobita no Dorabian Night (Japan),0,,"nointro,retroachievements",
22757,Dragon Egg!,Official,23,1,local,1,Dragon Egg! (Japan),1,Dragon Egg! (Japan),0,,"nointro,retroachievements",
22765,Genpei Toumaden,Official,29,1,local,1,Genpei Toumaden (Japan),1,Genpei Toumaden (Japan),0,,"nointro,retroachievements",
22771,Juuouki,Official,11,2,local,2,Juuouki (Japan),1,Juuouki (Japan),0,,"nointro,retroachievements",
22775,Makai Hakkenden Shada,Official,30,2,local,2,Makai Hakkenden - Shada (Japan),1,Makai Hakkenden - Shada (Japan),0,,"nointro,retroachievements",
22776,Makai Prince Dorabocchan,Official,36,1,local,1,Makai Prince Dorabocchan (Japan),1,Makai Prince Dorabocchan (Japan),0,,"nointro,retroachievements",
22777,Metal Stoker,Official,31,1,local,1,Metal Stoker (Japan) (En),1,Metal Stoker (Japan) (En),0,,"nointro,retroachievements",
22789,NHK Okaasan to Issho: Niko Niko Pun,Official,14,1,local,1,Okaasan to Issho - Niko Niko Pun (Japan),1,Okaasan to Issho - Niko Niko Pun (Japan),0,,nointro,
22811,Tatsu no Ko Fighter,Official,45,1,local,1,Tatsunoko Fighter (Japan),1,Tatsunoko Fighter (Japan),0,,"nointro,retroachievements",
24081,Cadash [Subset - Multiplayer],Official,49,1,local,1,,0,,0,,retroachievements,
25183,~Homebrew~ The Great Fumo Binning,Homebrew,9,1,local,1,"Great Fumo Binning, The (World) (Aftermarket) (Unl)",1,"Great Fumo Binning, The (World) (Aftermarket) (Unl)",0,,"nointro,retroachievements",
26878,~Homebrew~ Reflectron,Homebrew,7,1,local,1,Reflectron (World) (Aftermarket) (Unl),1,Reflectron (World) (Aftermarket) (Unl),0,,"nointro,retroachievements",
28326,~Homebrew~ Nantettatte Engine,Homebrew,7,1,local,1,Nantettatte Engine (World) (Aftermarket) (Unl),1,Nantettatte Engine (World) (Aftermarket) (Unl),0,,"nointro,retroachievements",
29048,Juuouki [Subset - Multiplayer],Official,11,1,local,1,,0,,0,,retroachievements,
30920,Puzzle Boy [Subset - Glitches for Pros],Official,3,1,local,1,,0,,0,,retroachievements,
